<!DOCTYPE Linker_Placement_File>
<Root name="RAM Section Placement">
  <MemorySegment name="$(RAM_NAME:RAM);SRAM;RAM1">
    <ProgramSection alignment="4" size="252" load="Yes" fill="0x0" name=".boot" start="$(RAM_START:$(SRAM_START:))" />
    <ProgramSection alignment="0x100" load="Yes" name=".vectors" />
    <ProgramSection alignment="4" load="Yes" name=".fast" />
    <ProgramSection alignment="4" load="Yes" name=".init" />
    <ProgramSection alignment="4" load="Yes" name=".init_rodata" />
    <ProgramSection alignment="4" load="Yes" name=".text" />
    <ProgramSection alignment="4" load="Yes" name=".dtors" />
    <ProgramSection alignment="4" load="Yes" name=".ctors" />
    <ProgramSection alignment="4" load="Yes" name=".data" />
    <ProgramSection alignment="4" load="Yes" name=".rodata" />
    <ProgramSection alignment="4" load="Yes" name=".ARM.exidx" address_symbol="__exidx_start" end_symbol="__exidx_end" />
    <ProgramSection alignment="4" load="No" name=".bss" />
    <ProgramSection alignment="4" load="No" name=".tbss" />
    <ProgramSection alignment="4" load="Yes" name=".tdata" />
    <ProgramSection alignment="4" load="No" name=".non_init" />
    <ProgramSection alignment="8" size="__HEAPSIZE__" load="No" name=".heap" />
    <ProgramSection alignment="8" size="__STACKSIZE__" load="No" name=".stack" />
    <ProgramSection alignment="8" size="__STACKSIZE_PROCESS__" load="No" name=".stack_process" />
  </MemorySegment>
  <MemorySegment name="$(RAM2_NAME:RAM2)">
    <ProgramSection alignment="4" load="Yes" name=".text2" />
    <ProgramSection alignment="4" load="Yes" name=".rodata2" />
    <ProgramSection alignment="4" load="Yes" name=".data2" />
    <ProgramSection alignment="4" load="No" name=".bss2" />
  </MemorySegment>
</Root>
